{"$schema":"http://schema.management.azure.com/schemas/2015-01-01/deploymentTemplate.json#","contentVersion":"1.0.0.0","parameters":{"factoryName":{"type":"string","metadata":"Data Factory name"},"AzureDatabricks1":{"type":"string"},"HttpServer1":{"type":"string"},"AzureBlobStorage1":{"type":"string"},"HttpServer2":{"type":"string"},"HttpServer3":{"type":"string"},"HttpServer5":{"type":"string"},"HttpServer6":{"type":"string"},"HttpServer7":{"type":"string"},"HttpServer8":{"type":"string"},"HttpServer9":{"type":"string"},"HttpServer10":{"type":"string"},"HttpServer11":{"type":"string"},"HttpServer12":{"type":"string"},"HttpServer13":{"type":"string"},"HttpServer14":{"type":"string"}},"variables":{"factoryId":"[concat('Microsoft.DataFactory/factories/', parameters('factoryName'))]"},"resources":[{"name":"[concat(parameters('factoryName'), '/FormulaOne_DataFactory_Pipeline')]","type":"Microsoft.DataFactory/factories/pipelines","apiVersion":"2018-06-01","properties":{"activities":[{"name":"Copy Circuits","type":"Copy","dependsOn":[],"policy":{"timeout":"0.12:00:00","retry":0,"retryIntervalInSeconds":30,"secureOutput":false,"secureInput":false},"userProperties":[],"typeProperties":{"source":{"type":"JsonSource","storeSettings":{"type":"HttpReadSettings","requestMethod":"GET"},"formatSettings":{"type":"JsonReadSettings"}},"sink":{"type":"JsonSink","storeSettings":{"type":"AzureBlobStorageWriteSettings"},"formatSettings":{"type":"JsonWriteSettings"}},"enableStaging":false},"inputs":[{"referenceName":"Circuits_source","type":"DatasetReference","parameters":{}}],"outputs":[{"referenceName":"circuits_sink","type":"DatasetReference","parameters":{}}]},{"name":"Copy constructor","type":"Copy","dependsOn":[],"policy":{"timeout":"0.12:00:00","retry":0,"retryIntervalInSeconds":30,"secureOutput":false,"secureInput":false},"userProperties":[],"typeProperties":{"source":{"type":"JsonSource","storeSettings":{"type":"HttpReadSettings","requestMethod":"GET"},"formatSettings":{"type":"JsonReadSettings"}},"sink":{"type":"JsonSink","storeSettings":{"type":"AzureBlobStorageWriteSettings"},"formatSettings":{"type":"JsonWriteSettings"}},"enableStaging":false},"inputs":[{"referenceName":"constructors_source","type":"DatasetReference","parameters":{}}],"outputs":[{"referenceName":"constructors_sink","type":"DatasetReference","parameters":{}}]},{"name":"Copy Constructor Standings","type":"Copy","dependsOn":[],"policy":{"timeout":"0.12:00:00","retry":0,"retryIntervalInSeconds":30,"secureOutput":false,"secureInput":false},"userProperties":[],"typeProperties":{"source":{"type":"JsonSource","storeSettings":{"type":"HttpReadSettings","requestMethod":"GET"},"formatSettings":{"type":"JsonReadSettings"}},"sink":{"type":"JsonSink","storeSettings":{"type":"AzureBlobStorageWriteSettings"},"formatSettings":{"type":"JsonWriteSettings"}},"enableStaging":false},"inputs":[{"referenceName":"constructorStandings_source","type":"DatasetReference","parameters":{}}],"outputs":[{"referenceName":"constructorStandings_sink","type":"DatasetReference","parameters":{}}]},{"name":"Copy driver standings","type":"Copy","dependsOn":[],"policy":{"timeout":"0.12:00:00","retry":0,"retryIntervalInSeconds":30,"secureOutput":false,"secureInput":false},"userProperties":[],"typeProperties":{"source":{"type":"JsonSource","storeSettings":{"type":"HttpReadSettings","requestMethod":"GET"},"formatSettings":{"type":"JsonReadSettings"}},"sink":{"type":"JsonSink","storeSettings":{"type":"AzureBlobStorageWriteSettings"},"formatSettings":{"type":"JsonWriteSettings"}},"enableStaging":false},"inputs":[{"referenceName":"Driver_Standings_source","type":"DatasetReference","parameters":{}}],"outputs":[{"referenceName":"Driver_Standings_sink","type":"DatasetReference","parameters":{}}]},{"name":"Copy drivers","type":"Copy","dependsOn":[],"policy":{"timeout":"0.12:00:00","retry":0,"retryIntervalInSeconds":30,"secureOutput":false,"secureInput":false},"userProperties":[],"typeProperties":{"source":{"type":"JsonSource","storeSettings":{"type":"HttpReadSettings","requestMethod":"GET"},"formatSettings":{"type":"JsonReadSettings"}},"sink":{"type":"JsonSink","storeSettings":{"type":"AzureBlobStorageWriteSettings"},"formatSettings":{"type":"JsonWriteSettings"}},"enableStaging":false},"inputs":[{"referenceName":"drivers_Source","type":"DatasetReference","parameters":{}}],"outputs":[{"referenceName":"drivers_sink","type":"DatasetReference","parameters":{}}]},{"name":"Copy Lap times","type":"Copy","dependsOn":[],"policy":{"timeout":"0.12:00:00","retry":0,"retryIntervalInSeconds":30,"secureOutput":false,"secureInput":false},"userProperties":[],"typeProperties":{"source":{"type":"JsonSource","storeSettings":{"type":"HttpReadSettings","requestMethod":"GET"},"formatSettings":{"type":"JsonReadSettings"}},"sink":{"type":"JsonSink","storeSettings":{"type":"AzureBlobStorageWriteSettings"},"formatSettings":{"type":"JsonWriteSettings"}},"enableStaging":false},"inputs":[{"referenceName":"lapTimes_source","type":"DatasetReference","parameters":{}}],"outputs":[{"referenceName":"lapTimes_sink","type":"DatasetReference","parameters":{}}]},{"name":"Copy pit_Stops","type":"Copy","dependsOn":[],"policy":{"timeout":"0.12:00:00","retry":0,"retryIntervalInSeconds":30,"secureOutput":false,"secureInput":false},"userProperties":[],"typeProperties":{"source":{"type":"JsonSource","storeSettings":{"type":"HttpReadSettings","requestMethod":"GET"},"formatSettings":{"type":"JsonReadSettings"}},"sink":{"type":"JsonSink","storeSettings":{"type":"AzureBlobStorageWriteSettings"},"formatSettings":{"type":"JsonWriteSettings"}},"enableStaging":false},"inputs":[{"referenceName":"pitStops_source","type":"DatasetReference","parameters":{}}],"outputs":[{"referenceName":"pitStops_sink","type":"DatasetReference","parameters":{}}]},{"name":"Copy qualifying","type":"Copy","dependsOn":[],"policy":{"timeout":"0.12:00:00","retry":0,"retryIntervalInSeconds":30,"secureOutput":false,"secureInput":false},"userProperties":[],"typeProperties":{"source":{"type":"JsonSource","storeSettings":{"type":"HttpReadSettings","requestMethod":"GET"},"formatSettings":{"type":"JsonReadSettings"}},"sink":{"type":"JsonSink","storeSettings":{"type":"AzureBlobStorageWriteSettings"},"formatSettings":{"type":"JsonWriteSettings"}},"enableStaging":false},"inputs":[{"referenceName":"qualifying_Source","type":"DatasetReference","parameters":{}}],"outputs":[{"referenceName":"qualifying_sink","type":"DatasetReference","parameters":{}}]},{"name":"Copy races","type":"Copy","dependsOn":[],"policy":{"timeout":"0.12:00:00","retry":0,"retryIntervalInSeconds":30,"secureOutput":false,"secureInput":false},"userProperties":[],"typeProperties":{"source":{"type":"JsonSource","storeSettings":{"type":"HttpReadSettings","requestMethod":"GET"},"formatSettings":{"type":"JsonReadSettings"}},"sink":{"type":"JsonSink","storeSettings":{"type":"AzureBlobStorageWriteSettings"},"formatSettings":{"type":"JsonWriteSettings"}},"enableStaging":false},"inputs":[{"referenceName":"races_source","type":"DatasetReference","parameters":{}}],"outputs":[{"referenceName":"races_sink","type":"DatasetReference","parameters":{}}]},{"name":"Copy results","type":"Copy","dependsOn":[],"policy":{"timeout":"0.12:00:00","retry":0,"retryIntervalInSeconds":30,"secureOutput":false,"secureInput":false},"userProperties":[],"typeProperties":{"source":{"type":"JsonSource","storeSettings":{"type":"HttpReadSettings","requestMethod":"GET"},"formatSettings":{"type":"JsonReadSettings"}},"sink":{"type":"JsonSink","storeSettings":{"type":"AzureBlobStorageWriteSettings"},"formatSettings":{"type":"JsonWriteSettings"}},"enableStaging":false},"inputs":[{"referenceName":"results_source","type":"DatasetReference","parameters":{}}],"outputs":[{"referenceName":"results_sink","type":"DatasetReference","parameters":{}}]},{"name":"Copy seasons","type":"Copy","dependsOn":[],"policy":{"timeout":"0.12:00:00","retry":0,"retryIntervalInSeconds":30,"secureOutput":false,"secureInput":false},"userProperties":[],"typeProperties":{"source":{"type":"JsonSource","storeSettings":{"type":"HttpReadSettings","requestMethod":"GET"},"formatSettings":{"type":"JsonReadSettings"}},"sink":{"type":"JsonSink","storeSettings":{"type":"AzureBlobStorageWriteSettings"},"formatSettings":{"type":"JsonWriteSettings"}},"enableStaging":false},"inputs":[{"referenceName":"seasons_source","type":"DatasetReference","parameters":{}}],"outputs":[{"referenceName":"seasons_sink","type":"DatasetReference","parameters":{}}]},{"name":"Copy sprint_results","type":"Copy","dependsOn":[],"policy":{"timeout":"0.12:00:00","retry":0,"retryIntervalInSeconds":30,"secureOutput":false,"secureInput":false},"userProperties":[],"typeProperties":{"source":{"type":"JsonSource","storeSettings":{"type":"HttpReadSettings","requestMethod":"GET"},"formatSettings":{"type":"JsonReadSettings"}},"sink":{"type":"JsonSink","storeSettings":{"type":"AzureBlobStorageWriteSettings"},"formatSettings":{"type":"JsonWriteSettings"}},"enableStaging":false},"inputs":[{"referenceName":"SprintResults_source","type":"DatasetReference","parameters":{}}],"outputs":[{"referenceName":"sprintResults_sink","type":"DatasetReference","parameters":{}}]},{"name":"Copy status","type":"Copy","dependsOn":[],"policy":{"timeout":"0.12:00:00","retry":0,"retryIntervalInSeconds":30,"secureOutput":false,"secureInput":false},"userProperties":[],"typeProperties":{"source":{"type":"JsonSource","storeSettings":{"type":"HttpReadSettings","requestMethod":"GET"},"formatSettings":{"type":"JsonReadSettings"}},"sink":{"type":"JsonSink","storeSettings":{"type":"AzureBlobStorageWriteSettings"},"formatSettings":{"type":"JsonWriteSettings"}},"enableStaging":false},"inputs":[{"referenceName":"status_source","type":"DatasetReference","parameters":{}}],"outputs":[{"referenceName":"status_sink","type":"DatasetReference","parameters":{}}]},{"name":"check if file exists in raw","type":"GetMetadata","dependsOn":[{"activity":"Copy Circuits","dependencyConditions":["Succeeded"]},{"activity":"Copy constructor","dependencyConditions":["Succeeded"]},{"activity":"Copy Constructor Standings","dependencyConditions":["Succeeded"]},{"activity":"Copy driver standings","dependencyConditions":["Succeeded"]},{"activity":"Copy drivers","dependencyConditions":["Succeeded"]},{"activity":"Copy Lap times","dependencyConditions":["Succeeded"]},{"activity":"Copy pit_Stops","dependencyConditions":["Succeeded"]},{"activity":"Copy qualifying","dependencyConditions":["Succeeded"]},{"activity":"Copy races","dependencyConditions":["Succeeded"]},{"activity":"Copy results","dependencyConditions":["Succeeded"]},{"activity":"Copy seasons","dependencyConditions":["Succeeded"]},{"activity":"Copy sprint_results","dependencyConditions":["Succeeded"]},{"activity":"Copy status","dependencyConditions":["Succeeded"]}],"policy":{"timeout":"0.12:00:00","retry":0,"retryIntervalInSeconds":30,"secureOutput":false,"secureInput":false},"userProperties":[],"typeProperties":{"dataset":{"referenceName":"Json1","type":"DatasetReference","parameters":{}},"fieldList":["childItems"],"storeSettings":{"type":"AzureBlobStorageReadSettings","recursive":true,"enablePartitionDiscovery":false},"formatSettings":{"type":"JsonReadSettings"}}},{"name":"If Condition1","type":"IfCondition","dependsOn":[{"activity":"check if file exists in raw","dependencyConditions":["Succeeded"]}],"userProperties":[],"typeProperties":{"expression":{"value":"@not(empty(activity('check if file exists in raw')))","type":"Expression"},"ifFalseActivities":[{"name":"Fail1","type":"Fail","dependsOn":[],"userProperties":[],"typeProperties":{"message":"No data found in Raw ","errorCode":"200"}}],"ifTrueActivities":[{"name":"Ingest data","type":"DatabricksNotebook","dependsOn":[],"policy":{"timeout":"0.12:00:00","retry":0,"retryIntervalInSeconds":30,"secureOutput":false,"secureInput":false},"userProperties":[],"typeProperties":{"notebookPath":"/Users/khanmohammedahmed494@gmail.com/Ingest FormulaOne Data"},"linkedServiceName":{"referenceName":"[parameters('AzureDatabricks1')]","type":"LinkedServiceReference"}}]}},{"name":"Load missing data from CSV","type":"DatabricksNotebook","dependsOn":[{"activity":"If Condition1","dependencyConditions":["Succeeded"]}],"policy":{"timeout":"0.12:00:00","retry":0,"retryIntervalInSeconds":30,"secureOutput":false,"secureInput":false},"userProperties":[],"typeProperties":{"notebookPath":"/Users/khanmohammedahmed494@gmail.com/Load missing data from CSV"},"linkedServiceName":{"referenceName":"[parameters('AzureDatabricks1')]","type":"LinkedServiceReference"}},{"name":"User Defined File Name","type":"DatabricksNotebook","dependsOn":[{"activity":"Load missing data from CSV","dependencyConditions":["Succeeded"]}],"policy":{"timeout":"0.12:00:00","retry":0,"retryIntervalInSeconds":30,"secureOutput":false,"secureInput":false},"userProperties":[],"typeProperties":{"notebookPath":"/Users/khanmohammedahmed494@gmail.com/User Defined File names"},"linkedServiceName":{"referenceName":"[parameters('AzureDatabricks1')]","type":"LinkedServiceReference"}},{"name":"Transform Race Results","type":"DatabricksNotebook","dependsOn":[{"activity":"User Defined File Name","dependencyConditions":["Succeeded"]}],"policy":{"timeout":"0.12:00:00","retry":0,"retryIntervalInSeconds":30,"secureOutput":false,"secureInput":false},"userProperties":[],"typeProperties":{"notebookPath":"/Users/khanmohammedahmed494@gmail.com/Transform_Race_Results"},"linkedServiceName":{"referenceName":"[parameters('AzureDatabricks1')]","type":"LinkedServiceReference"}},{"name":"Transform Driver Ranking","type":"DatabricksNotebook","dependsOn":[{"activity":"User Defined File Name","dependencyConditions":["Succeeded"]}],"policy":{"timeout":"0.12:00:00","retry":0,"retryIntervalInSeconds":30,"secureOutput":false,"secureInput":false},"userProperties":[],"typeProperties":{"notebookPath":"/Users/khanmohammedahmed494@gmail.com/Transform_Driver_Standings"},"linkedServiceName":{"referenceName":"[parameters('AzureDatabricks1')]","type":"LinkedServiceReference"}},{"name":"Transform Team Ranking","type":"DatabricksNotebook","dependsOn":[{"activity":"User Defined File Name","dependencyConditions":["Succeeded"]}],"policy":{"timeout":"0.12:00:00","retry":0,"retryIntervalInSeconds":30,"secureOutput":false,"secureInput":false},"userProperties":[],"typeProperties":{"notebookPath":"/Users/khanmohammedahmed494@gmail.com/Transform_Constructor_Standings"},"linkedServiceName":{"referenceName":"[parameters('AzureDatabricks1')]","type":"LinkedServiceReference"}}],"policy":{"elapsedTimeMetric":{},"cancelAfter":{}},"variables":{"activity":{"type":"String"}},"annotations":[],"lastPublishTime":"2023-08-20T08:41:34Z"},"dependsOn":["[concat(variables('factoryId'), '/datasets/Circuits_source')]","[concat(variables('factoryId'), '/datasets/circuits_sink')]","[concat(variables('factoryId'), '/datasets/constructors_source')]","[concat(variables('factoryId'), '/datasets/constructors_sink')]","[concat(variables('factoryId'), '/datasets/constructorStandings_source')]","[concat(variables('factoryId'), '/datasets/constructorStandings_sink')]","[concat(variables('factoryId'), '/datasets/Driver_Standings_source')]","[concat(variables('factoryId'), '/datasets/Driver_Standings_sink')]","[concat(variables('factoryId'), '/datasets/drivers_Source')]","[concat(variables('factoryId'), '/datasets/drivers_sink')]","[concat(variables('factoryId'), '/datasets/lapTimes_source')]","[concat(variables('factoryId'), '/datasets/lapTimes_sink')]","[concat(variables('factoryId'), '/datasets/pitStops_source')]","[concat(variables('factoryId'), '/datasets/pitStops_sink')]","[concat(variables('factoryId'), '/datasets/qualifying_Source')]","[concat(variables('factoryId'), '/datasets/qualifying_sink')]","[concat(variables('factoryId'), '/datasets/races_source')]","[concat(variables('factoryId'), '/datasets/races_sink')]","[concat(variables('factoryId'), '/datasets/results_source')]","[concat(variables('factoryId'), '/datasets/results_sink')]","[concat(variables('factoryId'), '/datasets/seasons_source')]","[concat(variables('factoryId'), '/datasets/seasons_sink')]","[concat(variables('factoryId'), '/datasets/SprintResults_source')]","[concat(variables('factoryId'), '/datasets/sprintResults_sink')]","[concat(variables('factoryId'), '/datasets/status_source')]","[concat(variables('factoryId'), '/datasets/status_sink')]","[concat(variables('factoryId'), '/datasets/Json1')]"]},{"name":"[concat(parameters('factoryName'), '/Circuits_source')]","type":"Microsoft.DataFactory/factories/datasets","apiVersion":"2018-06-01","properties":{"linkedServiceName":{"referenceName":"[parameters('HttpServer1')]","type":"LinkedServiceReference"},"annotations":[],"type":"Json","typeProperties":{"location":{"type":"HttpServerLocation"}},"schema":{"type":"object","properties":{"MRData":{"type":"object","properties":{"xmlns":{"type":"string"},"series":{"type":"string"},"url":{"type":"string"},"limit":{"type":"string"},"offset":{"type":"string"},"total":{"type":"string"},"CircuitTable":{"type":"object","properties":{"Circuits":{"type":"array","items":{"type":"object","properties":{"circuitId":{"type":"string"},"url":{"type":"string"},"circuitName":{"type":"string"},"Location":{"type":"object","properties":{"lat":{"type":"string"},"long":{"type":"string"},"locality":{"type":"string"},"country":{"type":"string"}}}}}}}}}}}}},"dependsOn":[]},{"name":"[concat(parameters('factoryName'), '/circuits_sink')]","type":"Microsoft.DataFactory/factories/datasets","apiVersion":"2018-06-01","properties":{"linkedServiceName":{"referenceName":"[parameters('AzureBlobStorage1')]","type":"LinkedServiceReference"},"annotations":[],"type":"Json","typeProperties":{"location":{"type":"AzureBlobStorageLocation","fileName":"circuits.json","container":"raw"}},"schema":{}},"dependsOn":[]},{"name":"[concat(parameters('factoryName'), '/constructors_source')]","type":"Microsoft.DataFactory/factories/datasets","apiVersion":"2018-06-01","properties":{"linkedServiceName":{"referenceName":"[parameters('HttpServer2')]","type":"LinkedServiceReference"},"annotations":[],"type":"Json","typeProperties":{"location":{"type":"HttpServerLocation"}},"schema":{}},"dependsOn":[]},{"name":"[concat(parameters('factoryName'), '/constructors_sink')]","type":"Microsoft.DataFactory/factories/datasets","apiVersion":"2018-06-01","properties":{"linkedServiceName":{"referenceName":"[parameters('AzureBlobStorage1')]","type":"LinkedServiceReference"},"annotations":[],"type":"Json","typeProperties":{"location":{"type":"AzureBlobStorageLocation","fileName":"constructors.json","container":"raw"}},"schema":{}},"dependsOn":[]},{"name":"[concat(parameters('factoryName'), '/constructorStandings_source')]","type":"Microsoft.DataFactory/factories/datasets","apiVersion":"2018-06-01","properties":{"linkedServiceName":{"referenceName":"[parameters('HttpServer3')]","type":"LinkedServiceReference"},"annotations":[],"type":"Json","typeProperties":{"location":{"type":"HttpServerLocation"}},"schema":{}},"dependsOn":[]},{"name":"[concat(parameters('factoryName'), '/constructorStandings_sink')]","type":"Microsoft.DataFactory/factories/datasets","apiVersion":"2018-06-01","properties":{"linkedServiceName":{"referenceName":"[parameters('AzureBlobStorage1')]","type":"LinkedServiceReference"},"annotations":[],"type":"Json","typeProperties":{"location":{"type":"AzureBlobStorageLocation","fileName":"constructorStandings","container":"raw"}},"schema":{}},"dependsOn":[]},{"name":"[concat(parameters('factoryName'), '/Driver_Standings_source')]","type":"Microsoft.DataFactory/factories/datasets","apiVersion":"2018-06-01","properties":{"linkedServiceName":{"referenceName":"[parameters('HttpServer5')]","type":"LinkedServiceReference"},"annotations":[],"type":"Json","typeProperties":{"location":{"type":"HttpServerLocation"}},"schema":{}},"dependsOn":[]},{"name":"[concat(parameters('factoryName'), '/Driver_Standings_sink')]","type":"Microsoft.DataFactory/factories/datasets","apiVersion":"2018-06-01","properties":{"linkedServiceName":{"referenceName":"[parameters('AzureBlobStorage1')]","type":"LinkedServiceReference"},"annotations":[],"type":"Json","typeProperties":{"location":{"type":"AzureBlobStorageLocation","fileName":"driverStandings.json","container":"raw"}},"schema":{}},"dependsOn":[]},{"name":"[concat(parameters('factoryName'), '/drivers_Source')]","type":"Microsoft.DataFactory/factories/datasets","apiVersion":"2018-06-01","properties":{"linkedServiceName":{"referenceName":"[parameters('HttpServer6')]","type":"LinkedServiceReference"},"annotations":[],"type":"Json","typeProperties":{"location":{"type":"HttpServerLocation"}},"schema":{}},"dependsOn":[]},{"name":"[concat(parameters('factoryName'), '/drivers_sink')]","type":"Microsoft.DataFactory/factories/datasets","apiVersion":"2018-06-01","properties":{"linkedServiceName":{"referenceName":"[parameters('AzureBlobStorage1')]","type":"LinkedServiceReference"},"annotations":[],"type":"Json","typeProperties":{"location":{"type":"AzureBlobStorageLocation","fileName":"drivers.json","container":"raw"}},"schema":{}},"dependsOn":[]},{"name":"[concat(parameters('factoryName'), '/lapTimes_source')]","type":"Microsoft.DataFactory/factories/datasets","apiVersion":"2018-06-01","properties":{"linkedServiceName":{"referenceName":"[parameters('HttpServer7')]","type":"LinkedServiceReference"},"annotations":[],"type":"Json","typeProperties":{"location":{"type":"HttpServerLocation"}},"schema":{}},"dependsOn":[]},{"name":"[concat(parameters('factoryName'), '/lapTimes_sink')]","type":"Microsoft.DataFactory/factories/datasets","apiVersion":"2018-06-01","properties":{"linkedServiceName":{"referenceName":"[parameters('AzureBlobStorage1')]","type":"LinkedServiceReference"},"annotations":[],"type":"Json","typeProperties":{"location":{"type":"AzureBlobStorageLocation","fileName":"lapTimes.json","container":"raw"}},"schema":{}},"dependsOn":[]},{"name":"[concat(parameters('factoryName'), '/pitStops_source')]","type":"Microsoft.DataFactory/factories/datasets","apiVersion":"2018-06-01","properties":{"linkedServiceName":{"referenceName":"[parameters('HttpServer8')]","type":"LinkedServiceReference"},"annotations":[],"type":"Json","typeProperties":{"location":{"type":"HttpServerLocation"}},"schema":{}},"dependsOn":[]},{"name":"[concat(parameters('factoryName'), '/pitStops_sink')]","type":"Microsoft.DataFactory/factories/datasets","apiVersion":"2018-06-01","properties":{"linkedServiceName":{"referenceName":"[parameters('AzureBlobStorage1')]","type":"LinkedServiceReference"},"annotations":[],"type":"Json","typeProperties":{"location":{"type":"AzureBlobStorageLocation","fileName":"pitStops.json","container":"raw"}},"schema":{}},"dependsOn":[]},{"name":"[concat(parameters('factoryName'), '/qualifying_Source')]","type":"Microsoft.DataFactory/factories/datasets","apiVersion":"2018-06-01","properties":{"linkedServiceName":{"referenceName":"[parameters('HttpServer9')]","type":"LinkedServiceReference"},"annotations":[],"type":"Json","typeProperties":{"location":{"type":"HttpServerLocation"}},"schema":{}},"dependsOn":[]},{"name":"[concat(parameters('factoryName'), '/qualifying_sink')]","type":"Microsoft.DataFactory/factories/datasets","apiVersion":"2018-06-01","properties":{"linkedServiceName":{"referenceName":"[parameters('AzureBlobStorage1')]","type":"LinkedServiceReference"},"annotations":[],"type":"Json","typeProperties":{"location":{"type":"AzureBlobStorageLocation","fileName":"qualifying.json","container":"raw"}},"schema":{}},"dependsOn":[]},{"name":"[concat(parameters('factoryName'), '/races_source')]","type":"Microsoft.DataFactory/factories/datasets","apiVersion":"2018-06-01","properties":{"linkedServiceName":{"referenceName":"[parameters('HttpServer10')]","type":"LinkedServiceReference"},"annotations":[],"type":"Json","typeProperties":{"location":{"type":"HttpServerLocation"}},"schema":{}},"dependsOn":[]},{"name":"[concat(parameters('factoryName'), '/races_sink')]","type":"Microsoft.DataFactory/factories/datasets","apiVersion":"2018-06-01","properties":{"linkedServiceName":{"referenceName":"[parameters('AzureBlobStorage1')]","type":"LinkedServiceReference"},"annotations":[],"type":"Json","typeProperties":{"location":{"type":"AzureBlobStorageLocation","fileName":"races.json","container":"raw"}},"schema":{}},"dependsOn":[]},{"name":"[concat(parameters('factoryName'), '/results_source')]","type":"Microsoft.DataFactory/factories/datasets","apiVersion":"2018-06-01","properties":{"linkedServiceName":{"referenceName":"[parameters('HttpServer11')]","type":"LinkedServiceReference"},"annotations":[],"type":"Json","typeProperties":{"location":{"type":"HttpServerLocation"}},"schema":{}},"dependsOn":[]},{"name":"[concat(parameters('factoryName'), '/results_sink')]","type":"Microsoft.DataFactory/factories/datasets","apiVersion":"2018-06-01","properties":{"linkedServiceName":{"referenceName":"[parameters('AzureBlobStorage1')]","type":"LinkedServiceReference"},"annotations":[],"type":"Json","typeProperties":{"location":{"type":"AzureBlobStorageLocation","fileName":"results.json","container":"raw"}},"schema":{}},"dependsOn":[]},{"name":"[concat(parameters('factoryName'), '/seasons_source')]","type":"Microsoft.DataFactory/factories/datasets","apiVersion":"2018-06-01","properties":{"linkedServiceName":{"referenceName":"[parameters('HttpServer12')]","type":"LinkedServiceReference"},"annotations":[],"type":"Json","typeProperties":{"location":{"type":"HttpServerLocation"}},"schema":{}},"dependsOn":[]},{"name":"[concat(parameters('factoryName'), '/seasons_sink')]","type":"Microsoft.DataFactory/factories/datasets","apiVersion":"2018-06-01","properties":{"linkedServiceName":{"referenceName":"[parameters('AzureBlobStorage1')]","type":"LinkedServiceReference"},"annotations":[],"type":"Json","typeProperties":{"location":{"type":"AzureBlobStorageLocation","fileName":"seasons.json","container":"raw"}},"schema":{}},"dependsOn":[]},{"name":"[concat(parameters('factoryName'), '/SprintResults_source')]","type":"Microsoft.DataFactory/factories/datasets","apiVersion":"2018-06-01","properties":{"linkedServiceName":{"referenceName":"[parameters('HttpServer13')]","type":"LinkedServiceReference"},"annotations":[],"type":"Json","typeProperties":{"location":{"type":"HttpServerLocation"}},"schema":{}},"dependsOn":[]},{"name":"[concat(parameters('factoryName'), '/sprintResults_sink')]","type":"Microsoft.DataFactory/factories/datasets","apiVersion":"2018-06-01","properties":{"linkedServiceName":{"referenceName":"[parameters('AzureBlobStorage1')]","type":"LinkedServiceReference"},"annotations":[],"type":"Json","typeProperties":{"location":{"type":"AzureBlobStorageLocation","fileName":"sprintResults.json","container":"raw"}},"schema":{}},"dependsOn":[]},{"name":"[concat(parameters('factoryName'), '/status_source')]","type":"Microsoft.DataFactory/factories/datasets","apiVersion":"2018-06-01","properties":{"linkedServiceName":{"referenceName":"[parameters('HttpServer14')]","type":"LinkedServiceReference"},"annotations":[],"type":"Json","typeProperties":{"location":{"type":"HttpServerLocation"}},"schema":{}},"dependsOn":[]},{"name":"[concat(parameters('factoryName'), '/status_sink')]","type":"Microsoft.DataFactory/factories/datasets","apiVersion":"2018-06-01","properties":{"linkedServiceName":{"referenceName":"[parameters('AzureBlobStorage1')]","type":"LinkedServiceReference"},"annotations":[],"type":"Json","typeProperties":{"location":{"type":"AzureBlobStorageLocation","fileName":"status.json","container":"raw"}},"schema":{}},"dependsOn":[]},{"name":"[concat(parameters('factoryName'), '/Json1')]","type":"Microsoft.DataFactory/factories/datasets","apiVersion":"2018-06-01","properties":{"linkedServiceName":{"referenceName":"[parameters('AzureBlobStorage1')]","type":"LinkedServiceReference"},"annotations":[],"type":"Json","typeProperties":{"location":{"type":"AzureBlobStorageLocation","container":"raw"}},"schema":{"type":"object","properties":{"MRData":{"type":"object","properties":{"xmlns":{"type":"string"},"series":{"type":"string"},"url":{"type":"string"},"limit":{"type":"string"},"offset":{"type":"string"},"total":{"type":"string"},"CircuitTable":{"type":"object","properties":{"Circuits":{"type":"array","items":{"type":"object","properties":{"circuitId":{"type":"string"},"url":{"type":"string"},"circuitName":{"type":"string"},"Location":{"type":"object","properties":{"lat":{"type":"string"},"long":{"type":"string"},"locality":{"type":"string"},"country":{"type":"string"}}}}}}}},"ConstructorTable":{"type":"object","properties":{"Constructors":{"type":"array","items":{"type":"object","properties":{"constructorId":{"type":"string"},"url":{"type":"string"},"name":{"type":"string"},"nationality":{"type":"string"}}}}}},"StandingsTable":{"type":"object","properties":{"season":{"type":"string"},"round":{"type":"string"},"StandingsLists":{"type":"array","items":{"type":"object","properties":{"season":{"type":"string"},"round":{"type":"string"},"DriverStandings":{"type":"array","items":{"type":"object","properties":{"position":{"type":"string"},"positionText":{"type":"string"},"points":{"type":"string"},"wins":{"type":"string"},"Driver":{"type":"object","properties":{"driverId":{"type":"string"},"permanentNumber":{"type":"string"},"code":{"type":"string"},"url":{"type":"string"},"givenName":{"type":"string"},"familyName":{"type":"string"},"dateOfBirth":{"type":"string"},"nationality":{"type":"string"}}},"Constructors":{"type":"array","items":{"type":"object","properties":{"constructorId":{"type":"string"},"url":{"type":"string"},"name":{"type":"string"},"nationality":{"type":"string"}}}}}}}}}}}},"DriverTable":{"type":"object","properties":{"Drivers":{"type":"array","items":{"type":"object","properties":{"driverId":{"type":"string"},"url":{"type":"string"},"givenName":{"type":"string"},"familyName":{"type":"string"},"dateOfBirth":{"type":"string"},"nationality":{"type":"string"}}}}}},"RaceTable":{"type":"object","properties":{"season":{"type":"string"},"round":{"type":"string"},"Races":{"type":"array","items":{"type":"object","properties":{"season":{"type":"string"},"round":{"type":"string"},"url":{"type":"string"},"raceName":{"type":"string"},"Circuit":{"type":"object","properties":{"circuitId":{"type":"string"},"url":{"type":"string"},"circuitName":{"type":"string"},"Location":{"type":"object","properties":{"lat":{"type":"string"},"long":{"type":"string"},"locality":{"type":"string"},"country":{"type":"string"}}}}},"date":{"type":"string"},"time":{"type":"string"},"Laps":{"type":"array","items":{"type":"object","properties":{"number":{"type":"string"},"Timings":{"type":"array","items":{"type":"object","properties":{"driverId":{"type":"string"},"position":{"type":"string"},"time":{"type":"string"}}}}}}}}}}}},"SeasonTable":{"type":"object","properties":{"Seasons":{"type":"array","items":{"type":"object","properties":{"season":{"type":"string"},"url":{"type":"string"}}}}}}}}}}},"dependsOn":[]}]}