{
    "now": "2023-08-20T08:50:18.595Z",
    "perfNow": 1377674.5,
    "diagnosticCorrelation": "0b563405-3caf-4577-8315-bfac583d0e1d",
    "source": "DownloadSupportFiles",
    "environment": {
        "productName": "adf",
        "buildVersion": "1.0.081823.5",
        "environmentType": 3,
        "resourceName": "dfformulaone",
        "resourceRegion": "eastus",
        "resourceGroup": "Formula_One_Analysis",
        "subscriptionId": "1429e2e3-8bac-42e7-a904-9a934c2fb274",
        "sessionId": "pno66398vL2VEUCUxlLQl9",
        "operationId": "",
        "gitType": "live",
        "loggingKey": "ddc66ac6-10f9-41c3-abdc-6c210d3a1d76"
    },
    "additionalInfo": {
        "selectedResource": "FormulaOne_DataFactory_Pipeline",
        "selectedResourceType": "pipeline"
    }
}