{
    "name": "FormulaOne_DataFactory_Pipeline",
    "properties": {
        "activities": [
            {
                "name": "Copy Circuits",
                "type": "Copy",
                "dependsOn": [],
                "policy": {
                    "timeout": "0.12:00:00",
                    "retry": 0,
                    "retryIntervalInSeconds": 30,
                    "secureOutput": false,
                    "secureInput": false
                },
                "userProperties": [],
                "typeProperties": {
                    "source": {
                        "type": "JsonSource",
                        "storeSettings": {
                            "type": "HttpReadSettings",
                            "requestMethod": "GET"
                        },
                        "formatSettings": {
                            "type": "JsonReadSettings"
                        }
                    },
                    "sink": {
                        "type": "JsonSink",
                        "storeSettings": {
                            "type": "AzureBlobStorageWriteSettings"
                        },
                        "formatSettings": {
                            "type": "JsonWriteSettings"
                        }
                    },
                    "enableStaging": false
                },
                "inputs": [
                    {
                        "referenceName": "Circuits_source",
                        "type": "DatasetReference"
                    }
                ],
                "outputs": [
                    {
                        "referenceName": "circuits_sink",
                        "type": "DatasetReference"
                    }
                ]
            },
            {
                "name": "Copy constructor",
                "type": "Copy",
                "dependsOn": [],
                "policy": {
                    "timeout": "0.12:00:00",
                    "retry": 0,
                    "retryIntervalInSeconds": 30,
                    "secureOutput": false,
                    "secureInput": false
                },
                "userProperties": [],
                "typeProperties": {
                    "source": {
                        "type": "JsonSource",
                        "storeSettings": {
                            "type": "HttpReadSettings",
                            "requestMethod": "GET"
                        },
                        "formatSettings": {
                            "type": "JsonReadSettings"
                        }
                    },
                    "sink": {
                        "type": "JsonSink",
                        "storeSettings": {
                            "type": "AzureBlobStorageWriteSettings"
                        },
                        "formatSettings": {
                            "type": "JsonWriteSettings"
                        }
                    },
                    "enableStaging": false
                },
                "inputs": [
                    {
                        "referenceName": "constructors_source",
                        "type": "DatasetReference"
                    }
                ],
                "outputs": [
                    {
                        "referenceName": "constructors_sink",
                        "type": "DatasetReference"
                    }
                ]
            },
            {
                "name": "Copy Constructor Standings",
                "type": "Copy",
                "dependsOn": [],
                "policy": {
                    "timeout": "0.12:00:00",
                    "retry": 0,
                    "retryIntervalInSeconds": 30,
                    "secureOutput": false,
                    "secureInput": false
                },
                "userProperties": [],
                "typeProperties": {
                    "source": {
                        "type": "JsonSource",
                        "storeSettings": {
                            "type": "HttpReadSettings",
                            "requestMethod": "GET"
                        },
                        "formatSettings": {
                            "type": "JsonReadSettings"
                        }
                    },
                    "sink": {
                        "type": "JsonSink",
                        "storeSettings": {
                            "type": "AzureBlobStorageWriteSettings"
                        },
                        "formatSettings": {
                            "type": "JsonWriteSettings"
                        }
                    },
                    "enableStaging": false
                },
                "inputs": [
                    {
                        "referenceName": "constructorStandings_source",
                        "type": "DatasetReference"
                    }
                ],
                "outputs": [
                    {
                        "referenceName": "constructorStandings_sink",
                        "type": "DatasetReference"
                    }
                ]
            },
            {
                "name": "Copy driver standings",
                "type": "Copy",
                "dependsOn": [],
                "policy": {
                    "timeout": "0.12:00:00",
                    "retry": 0,
                    "retryIntervalInSeconds": 30,
                    "secureOutput": false,
                    "secureInput": false
                },
                "userProperties": [],
                "typeProperties": {
                    "source": {
                        "type": "JsonSource",
                        "storeSettings": {
                            "type": "HttpReadSettings",
                            "requestMethod": "GET"
                        },
                        "formatSettings": {
                            "type": "JsonReadSettings"
                        }
                    },
                    "sink": {
                        "type": "JsonSink",
                        "storeSettings": {
                            "type": "AzureBlobStorageWriteSettings"
                        },
                        "formatSettings": {
                            "type": "JsonWriteSettings"
                        }
                    },
                    "enableStaging": false
                },
                "inputs": [
                    {
                        "referenceName": "Driver_Standings_source",
                        "type": "DatasetReference"
                    }
                ],
                "outputs": [
                    {
                        "referenceName": "Driver_Standings_sink",
                        "type": "DatasetReference"
                    }
                ]
            },
            {
                "name": "Copy drivers",
                "type": "Copy",
                "dependsOn": [],
                "policy": {
                    "timeout": "0.12:00:00",
                    "retry": 0,
                    "retryIntervalInSeconds": 30,
                    "secureOutput": false,
                    "secureInput": false
                },
                "userProperties": [],
                "typeProperties": {
                    "source": {
                        "type": "JsonSource",
                        "storeSettings": {
                            "type": "HttpReadSettings",
                            "requestMethod": "GET"
                        },
                        "formatSettings": {
                            "type": "JsonReadSettings"
                        }
                    },
                    "sink": {
                        "type": "JsonSink",
                        "storeSettings": {
                            "type": "AzureBlobStorageWriteSettings"
                        },
                        "formatSettings": {
                            "type": "JsonWriteSettings"
                        }
                    },
                    "enableStaging": false
                },
                "inputs": [
                    {
                        "referenceName": "drivers_Source",
                        "type": "DatasetReference"
                    }
                ],
                "outputs": [
                    {
                        "referenceName": "drivers_sink",
                        "type": "DatasetReference"
                    }
                ]
            },
            {
                "name": "Copy Lap times",
                "type": "Copy",
                "dependsOn": [],
                "policy": {
                    "timeout": "0.12:00:00",
                    "retry": 0,
                    "retryIntervalInSeconds": 30,
                    "secureOutput": false,
                    "secureInput": false
                },
                "userProperties": [],
                "typeProperties": {
                    "source": {
                        "type": "JsonSource",
                        "storeSettings": {
                            "type": "HttpReadSettings",
                            "requestMethod": "GET"
                        },
                        "formatSettings": {
                            "type": "JsonReadSettings"
                        }
                    },
                    "sink": {
                        "type": "JsonSink",
                        "storeSettings": {
                            "type": "AzureBlobStorageWriteSettings"
                        },
                        "formatSettings": {
                            "type": "JsonWriteSettings"
                        }
                    },
                    "enableStaging": false
                },
                "inputs": [
                    {
                        "referenceName": "lapTimes_source",
                        "type": "DatasetReference"
                    }
                ],
                "outputs": [
                    {
                        "referenceName": "lapTimes_sink",
                        "type": "DatasetReference"
                    }
                ]
            },
            {
                "name": "Copy pit_Stops",
                "type": "Copy",
                "dependsOn": [],
                "policy": {
                    "timeout": "0.12:00:00",
                    "retry": 0,
                    "retryIntervalInSeconds": 30,
                    "secureOutput": false,
                    "secureInput": false
                },
                "userProperties": [],
                "typeProperties": {
                    "source": {
                        "type": "JsonSource",
                        "storeSettings": {
                            "type": "HttpReadSettings",
                            "requestMethod": "GET"
                        },
                        "formatSettings": {
                            "type": "JsonReadSettings"
                        }
                    },
                    "sink": {
                        "type": "JsonSink",
                        "storeSettings": {
                            "type": "AzureBlobStorageWriteSettings"
                        },
                        "formatSettings": {
                            "type": "JsonWriteSettings"
                        }
                    },
                    "enableStaging": false
                },
                "inputs": [
                    {
                        "referenceName": "pitStops_source",
                        "type": "DatasetReference"
                    }
                ],
                "outputs": [
                    {
                        "referenceName": "pitStops_sink",
                        "type": "DatasetReference"
                    }
                ]
            },
            {
                "name": "Copy qualifying",
                "type": "Copy",
                "dependsOn": [],
                "policy": {
                    "timeout": "0.12:00:00",
                    "retry": 0,
                    "retryIntervalInSeconds": 30,
                    "secureOutput": false,
                    "secureInput": false
                },
                "userProperties": [],
                "typeProperties": {
                    "source": {
                        "type": "JsonSource",
                        "storeSettings": {
                            "type": "HttpReadSettings",
                            "requestMethod": "GET"
                        },
                        "formatSettings": {
                            "type": "JsonReadSettings"
                        }
                    },
                    "sink": {
                        "type": "JsonSink",
                        "storeSettings": {
                            "type": "AzureBlobStorageWriteSettings"
                        },
                        "formatSettings": {
                            "type": "JsonWriteSettings"
                        }
                    },
                    "enableStaging": false
                },
                "inputs": [
                    {
                        "referenceName": "qualifying_Source",
                        "type": "DatasetReference"
                    }
                ],
                "outputs": [
                    {
                        "referenceName": "qualifying_sink",
                        "type": "DatasetReference"
                    }
                ]
            },
            {
                "name": "Copy races",
                "type": "Copy",
                "dependsOn": [],
                "policy": {
                    "timeout": "0.12:00:00",
                    "retry": 0,
                    "retryIntervalInSeconds": 30,
                    "secureOutput": false,
                    "secureInput": false
                },
                "userProperties": [],
                "typeProperties": {
                    "source": {
                        "type": "JsonSource",
                        "storeSettings": {
                            "type": "HttpReadSettings",
                            "requestMethod": "GET"
                        },
                        "formatSettings": {
                            "type": "JsonReadSettings"
                        }
                    },
                    "sink": {
                        "type": "JsonSink",
                        "storeSettings": {
                            "type": "AzureBlobStorageWriteSettings"
                        },
                        "formatSettings": {
                            "type": "JsonWriteSettings"
                        }
                    },
                    "enableStaging": false
                },
                "inputs": [
                    {
                        "referenceName": "races_source",
                        "type": "DatasetReference"
                    }
                ],
                "outputs": [
                    {
                        "referenceName": "races_sink",
                        "type": "DatasetReference"
                    }
                ]
            },
            {
                "name": "Copy results",
                "type": "Copy",
                "dependsOn": [],
                "policy": {
                    "timeout": "0.12:00:00",
                    "retry": 0,
                    "retryIntervalInSeconds": 30,
                    "secureOutput": false,
                    "secureInput": false
                },
                "userProperties": [],
                "typeProperties": {
                    "source": {
                        "type": "JsonSource",
                        "storeSettings": {
                            "type": "HttpReadSettings",
                            "requestMethod": "GET"
                        },
                        "formatSettings": {
                            "type": "JsonReadSettings"
                        }
                    },
                    "sink": {
                        "type": "JsonSink",
                        "storeSettings": {
                            "type": "AzureBlobStorageWriteSettings"
                        },
                        "formatSettings": {
                            "type": "JsonWriteSettings"
                        }
                    },
                    "enableStaging": false
                },
                "inputs": [
                    {
                        "referenceName": "results_source",
                        "type": "DatasetReference"
                    }
                ],
                "outputs": [
                    {
                        "referenceName": "results_sink",
                        "type": "DatasetReference"
                    }
                ]
            },
            {
                "name": "Copy seasons",
                "type": "Copy",
                "dependsOn": [],
                "policy": {
                    "timeout": "0.12:00:00",
                    "retry": 0,
                    "retryIntervalInSeconds": 30,
                    "secureOutput": false,
                    "secureInput": false
                },
                "userProperties": [],
                "typeProperties": {
                    "source": {
                        "type": "JsonSource",
                        "storeSettings": {
                            "type": "HttpReadSettings",
                            "requestMethod": "GET"
                        },
                        "formatSettings": {
                            "type": "JsonReadSettings"
                        }
                    },
                    "sink": {
                        "type": "JsonSink",
                        "storeSettings": {
                            "type": "AzureBlobStorageWriteSettings"
                        },
                        "formatSettings": {
                            "type": "JsonWriteSettings"
                        }
                    },
                    "enableStaging": false
                },
                "inputs": [
                    {
                        "referenceName": "seasons_source",
                        "type": "DatasetReference"
                    }
                ],
                "outputs": [
                    {
                        "referenceName": "seasons_sink",
                        "type": "DatasetReference"
                    }
                ]
            },
            {
                "name": "Copy sprint_results",
                "type": "Copy",
                "dependsOn": [],
                "policy": {
                    "timeout": "0.12:00:00",
                    "retry": 0,
                    "retryIntervalInSeconds": 30,
                    "secureOutput": false,
                    "secureInput": false
                },
                "userProperties": [],
                "typeProperties": {
                    "source": {
                        "type": "JsonSource",
                        "storeSettings": {
                            "type": "HttpReadSettings",
                            "requestMethod": "GET"
                        },
                        "formatSettings": {
                            "type": "JsonReadSettings"
                        }
                    },
                    "sink": {
                        "type": "JsonSink",
                        "storeSettings": {
                            "type": "AzureBlobStorageWriteSettings"
                        },
                        "formatSettings": {
                            "type": "JsonWriteSettings"
                        }
                    },
                    "enableStaging": false
                },
                "inputs": [
                    {
                        "referenceName": "SprintResults_source",
                        "type": "DatasetReference"
                    }
                ],
                "outputs": [
                    {
                        "referenceName": "sprintResults_sink",
                        "type": "DatasetReference"
                    }
                ]
            },
            {
                "name": "Copy status",
                "type": "Copy",
                "dependsOn": [],
                "policy": {
                    "timeout": "0.12:00:00",
                    "retry": 0,
                    "retryIntervalInSeconds": 30,
                    "secureOutput": false,
                    "secureInput": false
                },
                "userProperties": [],
                "typeProperties": {
                    "source": {
                        "type": "JsonSource",
                        "storeSettings": {
                            "type": "HttpReadSettings",
                            "requestMethod": "GET"
                        },
                        "formatSettings": {
                            "type": "JsonReadSettings"
                        }
                    },
                    "sink": {
                        "type": "JsonSink",
                        "storeSettings": {
                            "type": "AzureBlobStorageWriteSettings"
                        },
                        "formatSettings": {
                            "type": "JsonWriteSettings"
                        }
                    },
                    "enableStaging": false
                },
                "inputs": [
                    {
                        "referenceName": "status_source",
                        "type": "DatasetReference"
                    }
                ],
                "outputs": [
                    {
                        "referenceName": "status_sink",
                        "type": "DatasetReference"
                    }
                ]
            },
            {
                "name": "check if file exists in raw",
                "type": "GetMetadata",
                "dependsOn": [
                    {
                        "activity": "Copy Circuits",
                        "dependencyConditions": [
                            "Succeeded"
                        ]
                    },
                    {
                        "activity": "Copy constructor",
                        "dependencyConditions": [
                            "Succeeded"
                        ]
                    },
                    {
                        "activity": "Copy Constructor Standings",
                        "dependencyConditions": [
                            "Succeeded"
                        ]
                    },
                    {
                        "activity": "Copy driver standings",
                        "dependencyConditions": [
                            "Succeeded"
                        ]
                    },
                    {
                        "activity": "Copy drivers",
                        "dependencyConditions": [
                            "Succeeded"
                        ]
                    },
                    {
                        "activity": "Copy Lap times",
                        "dependencyConditions": [
                            "Succeeded"
                        ]
                    },
                    {
                        "activity": "Copy pit_Stops",
                        "dependencyConditions": [
                            "Succeeded"
                        ]
                    },
                    {
                        "activity": "Copy qualifying",
                        "dependencyConditions": [
                            "Succeeded"
                        ]
                    },
                    {
                        "activity": "Copy races",
                        "dependencyConditions": [
                            "Succeeded"
                        ]
                    },
                    {
                        "activity": "Copy results",
                        "dependencyConditions": [
                            "Succeeded"
                        ]
                    },
                    {
                        "activity": "Copy seasons",
                        "dependencyConditions": [
                            "Succeeded"
                        ]
                    },
                    {
                        "activity": "Copy sprint_results",
                        "dependencyConditions": [
                            "Succeeded"
                        ]
                    },
                    {
                        "activity": "Copy status",
                        "dependencyConditions": [
                            "Succeeded"
                        ]
                    }
                ],
                "policy": {
                    "timeout": "0.12:00:00",
                    "retry": 0,
                    "retryIntervalInSeconds": 30,
                    "secureOutput": false,
                    "secureInput": false
                },
                "userProperties": [],
                "typeProperties": {
                    "dataset": {
                        "referenceName": "Json1",
                        "type": "DatasetReference"
                    },
                    "fieldList": [
                        "childItems"
                    ],
                    "storeSettings": {
                        "type": "AzureBlobStorageReadSettings",
                        "recursive": true,
                        "enablePartitionDiscovery": false
                    },
                    "formatSettings": {
                        "type": "JsonReadSettings"
                    }
                }
            },
            {
                "name": "If Condition1",
                "type": "IfCondition",
                "dependsOn": [
                    {
                        "activity": "check if file exists in raw",
                        "dependencyConditions": [
                            "Succeeded"
                        ]
                    }
                ],
                "userProperties": [],
                "typeProperties": {
                    "expression": {
                        "value": "@not(empty(activity('check if file exists in raw')))",
                        "type": "Expression"
                    },
                    "ifFalseActivities": [
                        {
                            "name": "Fail1",
                            "type": "Fail",
                            "dependsOn": [],
                            "userProperties": [],
                            "typeProperties": {
                                "message": "No data found in Raw ",
                                "errorCode": "200"
                            }
                        }
                    ],
                    "ifTrueActivities": [
                        {
                            "name": "Ingest data",
                            "type": "DatabricksNotebook",
                            "dependsOn": [],
                            "policy": {
                                "timeout": "0.12:00:00",
                                "retry": 0,
                                "retryIntervalInSeconds": 30,
                                "secureOutput": false,
                                "secureInput": false
                            },
                            "userProperties": [],
                            "typeProperties": {
                                "notebookPath": "/Users/khanmohammedahmed494@gmail.com/Ingest FormulaOne Data"
                            },
                            "linkedServiceName": {
                                "referenceName": "AzureDatabricks1",
                                "type": "LinkedServiceReference"
                            }
                        }
                    ]
                }
            },
            {
                "name": "Load missing data from CSV",
                "type": "DatabricksNotebook",
                "dependsOn": [
                    {
                        "activity": "If Condition1",
                        "dependencyConditions": [
                            "Succeeded"
                        ]
                    }
                ],
                "policy": {
                    "timeout": "0.12:00:00",
                    "retry": 0,
                    "retryIntervalInSeconds": 30,
                    "secureOutput": false,
                    "secureInput": false
                },
                "userProperties": [],
                "typeProperties": {
                    "notebookPath": "/Users/khanmohammedahmed494@gmail.com/Load missing data from CSV"
                },
                "linkedServiceName": {
                    "referenceName": "AzureDatabricks1",
                    "type": "LinkedServiceReference"
                }
            },
            {
                "name": "User Defined File Name",
                "type": "DatabricksNotebook",
                "dependsOn": [
                    {
                        "activity": "Load missing data from CSV",
                        "dependencyConditions": [
                            "Succeeded"
                        ]
                    }
                ],
                "policy": {
                    "timeout": "0.12:00:00",
                    "retry": 0,
                    "retryIntervalInSeconds": 30,
                    "secureOutput": false,
                    "secureInput": false
                },
                "userProperties": [],
                "typeProperties": {
                    "notebookPath": "/Users/khanmohammedahmed494@gmail.com/User Defined File names"
                },
                "linkedServiceName": {
                    "referenceName": "AzureDatabricks1",
                    "type": "LinkedServiceReference"
                }
            },
            {
                "name": "Transform Race Results",
                "type": "DatabricksNotebook",
                "dependsOn": [
                    {
                        "activity": "User Defined File Name",
                        "dependencyConditions": [
                            "Succeeded"
                        ]
                    }
                ],
                "policy": {
                    "timeout": "0.12:00:00",
                    "retry": 0,
                    "retryIntervalInSeconds": 30,
                    "secureOutput": false,
                    "secureInput": false
                },
                "userProperties": [],
                "typeProperties": {
                    "notebookPath": "/Users/khanmohammedahmed494@gmail.com/Transform_Race_Results"
                },
                "linkedServiceName": {
                    "referenceName": "AzureDatabricks1",
                    "type": "LinkedServiceReference"
                }
            },
            {
                "name": "Transform Driver Ranking",
                "type": "DatabricksNotebook",
                "dependsOn": [
                    {
                        "activity": "User Defined File Name",
                        "dependencyConditions": [
                            "Succeeded"
                        ]
                    }
                ],
                "policy": {
                    "timeout": "0.12:00:00",
                    "retry": 0,
                    "retryIntervalInSeconds": 30,
                    "secureOutput": false,
                    "secureInput": false
                },
                "userProperties": [],
                "typeProperties": {
                    "notebookPath": "/Users/khanmohammedahmed494@gmail.com/Transform_Driver_Standings"
                },
                "linkedServiceName": {
                    "referenceName": "AzureDatabricks1",
                    "type": "LinkedServiceReference"
                }
            },
            {
                "name": "Transform Team Ranking",
                "type": "DatabricksNotebook",
                "dependsOn": [
                    {
                        "activity": "User Defined File Name",
                        "dependencyConditions": [
                            "Succeeded"
                        ]
                    }
                ],
                "policy": {
                    "timeout": "0.12:00:00",
                    "retry": 0,
                    "retryIntervalInSeconds": 30,
                    "secureOutput": false,
                    "secureInput": false
                },
                "userProperties": [],
                "typeProperties": {
                    "notebookPath": "/Users/khanmohammedahmed494@gmail.com/Transform_Constructor_Standings"
                },
                "linkedServiceName": {
                    "referenceName": "AzureDatabricks1",
                    "type": "LinkedServiceReference"
                }
            }
        ],
        "variables": {
            "activity": {
                "type": "String"
            }
        },
        "annotations": [],
        "lastPublishTime": "2023-08-20T08:41:34Z"
    },
    "type": "Microsoft.DataFactory/factories/pipelines"
}