{
    "name": "Circuits_source",
    "properties": {
        "linkedServiceName": {
            "referenceName": "HttpServer1",
            "type": "LinkedServiceReference"
        },
        "annotations": [],
        "type": "Json",
        "typeProperties": {
            "location": {
                "type": "HttpServerLocation"
            }
        },
        "schema": {
            "type": "object",
            "properties": {
                "MRData": {
                    "type": "object",
                    "properties": {
                        "xmlns": {
                            "type": "string"
                        },
                        "series": {
                            "type": "string"
                        },
                        "url": {
                            "type": "string"
                        },
                        "limit": {
                            "type": "string"
                        },
                        "offset": {
                            "type": "string"
                        },
                        "total": {
                            "type": "string"
                        },
                        "CircuitTable": {
                            "type": "object",
                            "properties": {
                                "Circuits": {
                                    "type": "array",
                                    "items": {
                                        "type": "object",
                                        "properties": {
                                            "circuitId": {
                                                "type": "string"
                                            },
                                            "url": {
                                                "type": "string"
                                            },
                                            "circuitName": {
                                                "type": "string"
                                            },
                                            "Location": {
                                                "type": "object",
                                                "properties": {
                                                    "lat": {
                                                        "type": "string"
                                                    },
                                                    "long": {
                                                        "type": "string"
                                                    },
                                                    "locality": {
                                                        "type": "string"
                                                    },
                                                    "country": {
                                                        "type": "string"
                                                    }
                                                }
                                            }
                                        }
                                    }
                                }
                            }
                        }
                    }
                }
            }
        }
    },
    "type": "Microsoft.DataFactory/factories/datasets"
}