{
    "name": "Json1",
    "properties": {
        "linkedServiceName": {
            "referenceName": "AzureBlobStorage1",
            "type": "LinkedServiceReference"
        },
        "annotations": [],
        "type": "Json",
        "typeProperties": {
            "location": {
                "type": "AzureBlobStorageLocation",
                "container": "raw"
            }
        },
        "schema": {
            "type": "object",
            "properties": {
                "MRData": {
                    "type": "object",
                    "properties": {
                        "xmlns": {
                            "type": "string"
                        },
                        "series": {
                            "type": "string"
                        },
                        "url": {
                            "type": "string"
                        },
                        "limit": {
                            "type": "string"
                        },
                        "offset": {
                            "type": "string"
                        },
                        "total": {
                            "type": "string"
                        },
                        "CircuitTable": {
                            "type": "object",
                            "properties": {
                                "Circuits": {
                                    "type": "array",
                                    "items": {
                                        "type": "object",
                                        "properties": {
                                            "circuitId": {
                                                "type": "string"
                                            },
                                            "url": {
                                                "type": "string"
                                            },
                                            "circuitName": {
                                                "type": "string"
                                            },
                                            "Location": {
                                                "type": "object",
                                                "properties": {
                                                    "lat": {
                                                        "type": "string"
                                                    },
                                                    "long": {
                                                        "type": "string"
                                                    },
                                                    "locality": {
                                                        "type": "string"
                                                    },
                                                    "country": {
                                                        "type": "string"
                                                    }
                                                }
                                            }
                                        }
                                    }
                                }
                            }
                        },
                        "ConstructorTable": {
                            "type": "object",
                            "properties": {
                                "Constructors": {
                                    "type": "array",
                                    "items": {
                                        "type": "object",
                                        "properties": {
                                            "constructorId": {
                                                "type": "string"
                                            },
                                            "url": {
                                                "type": "string"
                                            },
                                            "name": {
                                                "type": "string"
                                            },
                                            "nationality": {
                                                "type": "string"
                                            }
                                        }
                                    }
                                }
                            }
                        },
                        "StandingsTable": {
                            "type": "object",
                            "properties": {
                                "season": {
                                    "type": "string"
                                },
                                "round": {
                                    "type": "string"
                                },
                                "StandingsLists": {
                                    "type": "array",
                                    "items": {
                                        "type": "object",
                                        "properties": {
                                            "season": {
                                                "type": "string"
                                            },
                                            "round": {
                                                "type": "string"
                                            },
                                            "DriverStandings": {
                                                "type": "array",
                                                "items": {
                                                    "type": "object",
                                                    "properties": {
                                                        "position": {
                                                            "type": "string"
                                                        },
                                                        "positionText": {
                                                            "type": "string"
                                                        },
                                                        "points": {
                                                            "type": "string"
                                                        },
                                                        "wins": {
                                                            "type": "string"
                                                        },
                                                        "Driver": {
                                                            "type": "object",
                                                            "properties": {
                                                                "driverId": {
                                                                    "type": "string"
                                                                },
                                                                "permanentNumber": {
                                                                    "type": "string"
                                                                },
                                                                "code": {
                                                                    "type": "string"
                                                                },
                                                                "url": {
                                                                    "type": "string"
                                                                },
                                                                "givenName": {
                                                                    "type": "string"
                                                                },
                                                                "familyName": {
                                                                    "type": "string"
                                                                },
                                                                "dateOfBirth": {
                                                                    "type": "string"
                                                                },
                                                                "nationality": {
                                                                    "type": "string"
                                                                }
                                                            }
                                                        },
                                                        "Constructors": {
                                                            "type": "array",
                                                            "items": {
                                                                "type": "object",
                                                                "properties": {
                                                                    "constructorId": {
                                                                        "type": "string"
                                                                    },
                                                                    "url": {
                                                                        "type": "string"
                                                                    },
                                                                    "name": {
                                                                        "type": "string"
                                                                    },
                                                                    "nationality": {
                                                                        "type": "string"
                                                                    }
                                                                }
                                                            }
                                                        }
                                                    }
                                                }
                                            }
                                        }
                                    }
                                }
                            }
                        },
                        "DriverTable": {
                            "type": "object",
                            "properties": {
                                "Drivers": {
                                    "type": "array",
                                    "items": {
                                        "type": "object",
                                        "properties": {
                                            "driverId": {
                                                "type": "string"
                                            },
                                            "url": {
                                                "type": "string"
                                            },
                                            "givenName": {
                                                "type": "string"
                                            },
                                            "familyName": {
                                                "type": "string"
                                            },
                                            "dateOfBirth": {
                                                "type": "string"
                                            },
                                            "nationality": {
                                                "type": "string"
                                            }
                                        }
                                    }
                                }
                            }
                        },
                        "RaceTable": {
                            "type": "object",
                            "properties": {
                                "season": {
                                    "type": "string"
                                },
                                "round": {
                                    "type": "string"
                                },
                                "Races": {
                                    "type": "array",
                                    "items": {
                                        "type": "object",
                                        "properties": {
                                            "season": {
                                                "type": "string"
                                            },
                                            "round": {
                                                "type": "string"
                                            },
                                            "url": {
                                                "type": "string"
                                            },
                                            "raceName": {
                                                "type": "string"
                                            },
                                            "Circuit": {
                                                "type": "object",
                                                "properties": {
                                                    "circuitId": {
                                                        "type": "string"
                                                    },
                                                    "url": {
                                                        "type": "string"
                                                    },
                                                    "circuitName": {
                                                        "type": "string"
                                                    },
                                                    "Location": {
                                                        "type": "object",
                                                        "properties": {
                                                            "lat": {
                                                                "type": "string"
                                                            },
                                                            "long": {
                                                                "type": "string"
                                                            },
                                                            "locality": {
                                                                "type": "string"
                                                            },
                                                            "country": {
                                                                "type": "string"
                                                            }
                                                        }
                                                    }
                                                }
                                            },
                                            "date": {
                                                "type": "string"
                                            },
                                            "time": {
                                                "type": "string"
                                            },
                                            "Laps": {
                                                "type": "array",
                                                "items": {
                                                    "type": "object",
                                                    "properties": {
                                                        "number": {
                                                            "type": "string"
                                                        },
                                                        "Timings": {
                                                            "type": "array",
                                                            "items": {
                                                                "type": "object",
                                                                "properties": {
                                                                    "driverId": {
                                                                        "type": "string"
                                                                    },
                                                                    "position": {
                                                                        "type": "string"
                                                                    },
                                                                    "time": {
                                                                        "type": "string"
                                                                    }
                                                                }
                                                            }
                                                        }
                                                    }
                                                }
                                            }
                                        }
                                    }
                                }
                            }
                        },
                        "SeasonTable": {
                            "type": "object",
                            "properties": {
                                "Seasons": {
                                    "type": "array",
                                    "items": {
                                        "type": "object",
                                        "properties": {
                                            "season": {
                                                "type": "string"
                                            },
                                            "url": {
                                                "type": "string"
                                            }
                                        }
                                    }
                                }
                            }
                        }
                    }
                }
            }
        }
    },
    "type": "Microsoft.DataFactory/factories/datasets"
}